<?xml version="1.0" encoding="UTF-8"?>
<!DOCTYPE hibernate-configuration PUBLIC "-//Hibernate/Hibernate Configuration DTD 3.0//EN"
                                         "http://www.hibernate.org/dtd/hibernate-configuration-3.0.dtd">
<hibernate-configuration>
 <session-factory>
  <property name="hibernate.connection.driver_class">oracle.jdbc.driver.OracleDriver</property>
  <property name="hibernate.connection.password">TMS</property>
  <property name="hibernate.connection.url">jdbc:oracle:thin:@localhost:1521:XE</property>
  <property name="hibernate.connection.username">TMS</property>
  <property name="hibernate.dialect">org.hibernate.dialect.Oracle10gDialect</property>
  <property name="hibernate.show_sql">true</property>
  <property name="hibernate.cache.provider_class">org.hibernate.cache.EhCacheProvider</property>
  <!--  <property name="hibernate.cache.use_second_level_cache">true</property>
  <property name="hibernate.cache.use_query_cache">true</property> -->
  <mapping class="oracle.tms.entities.RoleEO"/>
  <mapping class="oracle.tms.entities.UserEO"/>
  <!-- <class-cache class="oracle.tms.entities.RoleEO" usage="read-write"/> -->
 </session-factory>
</hibernate-configuration>
