[[{"location":"C:\\Program Files\\Java\\jdk1.8.0_291","type":"JRE","hints":{"EXECUTION_ENVIRONMENT":"JavaSE-1.8"}},"jre:jre:1.8.0"],[{"location":"F:\\Softwares\\Frameworkz\\Persistence\\hibernate-release-5.5.0.Final\\lib\\required\\hibernate-core-5.5.0.Final.jar","type":"JAR","hints":{}},"org.hibernate.orm:org.hibernate.orm.core:5.5.0"],[{"location":"E:\\Training\\Hibernate Spring RESTFul WS SpringBoot and Microservices 27-Mar-2023\\Workspace\\HibernateWS\\Hibernate-Intro","type":"PROJECT","hints":{"PROJECT_NAME":"Hibernate-Intro"}},"ABSENT"],[{"location":"F:\\Softwares\\IDE\\spring-tool-suite-3.8.3.RELEASE-e4.6.2-win32-x86_64\\sts-bundle\\sts-3.8.3.RELEASE\\plugins\\org.junit_4.12.0.v201504281640\\junit.jar","type":"JAR","hints":{}},"ABSENT"]]